-81.88108,30.22161,0,0,0,,,,,,,,,,,,,,,,,,,,,,,
-81.88126,30.22164,0,0,1,,,,,,,,,,,,,,,,,,,,,,,
-81.88144,30.22174,0,0,2,,,,,,,,,,,,,,,,,,,,,,,
-81.88157,30.22185,0,0,3,,,,,,,,,,,,,,,,,,,,,,,
-81.88203,30.22228,0,0,4,,,,,,,,,,,,,,,,,,,,,,,
-81.88278,30.22292,0,0,5,,,,,,,,,,,,,,,,,,,,,,,
-81.88293,30.22307,0,0,6,,,,,,,,,,,,,,,,,,,,,,,
-81.88293,30.22307,0,0,7,,,,,,,,,,,,,,,,,,,,,,,
-81.88339,30.22307,0,0,8,,,,,,,,,,,,,,,,,,,,,,,
-81.88568,30.22305,0,0,9,,,,,,,,,,,,,,,,,,,,,,,
-81.88594,30.22305,0,0,10,,,,,,,,,,,,,,,,,,,,,,,
-81.88727,30.22304,0,0,11,,,,,,,,,,,,,,,,,,,,,,,
-81.88956,30.22302,0,0,12,,,,,,,,,,,,,,,,,,,,,,,
-81.88956,30.22302,0,0,13,,,,,,,,,,,,,,,,,,,,,,,
-81.88957,30.22411,0,0,14,,,,,,,,,,,,,,,,,,,,,,,
-81.88958,30.22484,0,0,15,,,,,,,,,,,,,,,,,,,,,,,
-81.88958,30.22552,0,0,16,,,,,,,,,,,,,,,,,,,,,,,
-81.88958,30.22554,0,0,17,,,,,,,,,,,,,,,,,,,,,,,
-81.88959,30.22675,0,0,18,,,,,,,,,,,,,,,,,,,,,,,
-81.88963,30.22775,0,0,19,,,,,,,,,,,,,,,,,,,,,,,
-81.88964,30.2283,0,0,20,,,,,,,,,,,,,,,,,,,,,,,
-81.88963,30.22854,0,0,21,,,,,,,,,,,,,,,,,,,,,,,
-81.88964,30.22874,0,0,22,,,,,,,,,,,,,,,,,,,,,,,
-81.88965,30.22955,0,0,23,,,,,,,,,,,,,,,,,,,,,,,
-81.88965,30.22991,0,0,24,,,,,,,,,,,,,,,,,,,,,,,
-81.88966,30.23074,0,0,25,,,,,,,,,,,,,,,,,,,,,,,
-81.88966,30.23085,0,0,26,,,,,,,,,,,,,,,,,,,,,,,
-81.88965,30.23132,0,0,27,,,,,,,,,,,,,,,,,,,,,,,
-81.88964,30.23225,0,0,28,,,,,,,,,,,,,,,,,,,,,,,
-81.88965,30.23312,0,0,29,,,,,,,,,,,,,,,,,,,,,,,
-81.88965,30.23347,0,0,30,,,,,,,,,,,,,,,,,,,,,,,
-81.88965,30.23368,0,0,31,,,,,,,,,,,,,,,,,,,,,,,
-81.88967,30.23654,0,0,32,,,,,,,,,,,,,,,,,,,,,,,
-81.88953,30.23779,0,0,33,,,,,,,,,,,,,,,,,,,,,,,
-81.88944,30.2383,0,0,34,,,,,,,,,,,,,,,,,,,,,,,
-81.88927,30.23889,0,0,35,,,,,,,,,,,,,,,,,,,,,,,
-81.88895,30.23953,0,0,36,,,,,,,,,,,,,,,,,,,,,,,
-81.88854,30.24018,0,0,37,,,,,,,,,,,,,,,,,,,,,,,
-81.88765,30.24133,0,0,38,,,,,,,,,,,,,,,,,,,,,,,
-81.88708,30.24212,0,0,39,,,,,,,,,,,,,,,,,,,,,,,
-81.88674,30.24282,0,0,40,,,,,,,,,,,,,,,,,,,,,,,
-81.88655,30.24335,0,0,41,,,,,,,,,,,,,,,,,,,,,,,
-81.88643,30.2442,0,0,42,,,,,,,,,,,,,,,,,,,,,,,
-81.88641,30.2448,0,0,43,,,,,,,,,,,,,,,,,,,,,,,
-81.8864,30.24532,0,0,44,,,,,,,,,,,,,,,,,,,,,,,
-81.8864,30.24606,0,0,45,,,,,,,,,,,,,,,,,,,,,,,
-81.88641,30.24615,0,0,46,,,,,,,,,,,,,,,,,,,,,,,
-81.88641,30.24642,0,0,47,,,,,,,,,,,,,,,,,,,,,,,
-81.88641,30.2487,0,0,48,,,,,,,,,,,,,,,,,,,,,,,
-81.88641,30.2487,0,0,49,,,,,,,,,,,,,,,,,,,,,,,
-81.87397,30.25517,0,0,50,,,,,,,,,,,,,,,,,,,,,,,
-81.87178,30.25631,0,0,51,,,,,,,,,,,,,,,,,,,,,,,
-81.86986,30.25731,0,0,52,,,,,,,,,,,,,,,,,,,,,,,
-81.86935,30.25758,0,0,53,,,,,,,,,,,,,,,,,,,,,,,
-81.86833,30.2581,0,0,54,,,,,,,,,,,,,,,,,,,,,,,
-81.86734,30.25861,0,0,55,,,,,,,,,,,,,,,,,,,,,,,
-81.866,30.25924,0,0,56,,,,,,,,,,,,,,,,,,,,,,,
-81.86494,30.2597,0,0,57,,,,,,,,,,,,,,,,,,,,,,,
-81.86376,30.26022,0,0,58,,,,,,,,,,,,,,,,,,,,,,,
-81.86253,30.2608,0,0,59,,,,,,,,,,,,,,,,,,,,,,,
-81.86177,30.26115,0,0,60,,,,,,,,,,,,,,,,,,,,,,,
-81.86151,30.26127,0,0,61,,,,,,,,,,,,,,,,,,,,,,,
-81.86126,30.26139,0,0,62,,,,,,,,,,,,,,,,,,,,,,,
-81.86126,30.26139,0,0,63,,,,,,,,,,,,,,,,,,,,,,,
-81.8614,30.26158,0,0,64,,,,,,,,,,,,,,,,,,,,,,,
-81.86152,30.26174,0,0,65,,,,,,,,,,,,,,,,,,,,,,,
-81.86161,30.26181,0,0,66,,,,,,,,,,,,,,,,,,,,,,,
-81.86178,30.2619,0,0,67,,,,,,,,,,,,,,,,,,,,,,,
-81.86275,30.26234,0,0,68,,,,,,,,,,,,,,,,,,,,,,,
-81.86398,30.26289,0,0,69,,,,,,,,,,,,,,,,,,,,,,,
-81.86455,30.26315,0,0,70,,,,,,,,,,,,,,,,,,,,,,,
-81.86499,30.26338,0,0,71,,,,,,,,,,,,,,,,,,,,,,,
-81.86535,30.26352,0,0,72,,,,,,,,,,,,,,,,,,,,,,,
-81.86535,30.26352,0,0,73,,,,,,,,,,,,,,,,,,,,,,,
-81.86759,30.26525,0,0,74,,,,,,,,,,,,,,,,,,,,,,,
-81.86788,30.2655,0,0,75,,,,,,,,,,,,,,,,,,,,,,,
-81.86925,30.26674,0,0,76,,,,,,,,,,,,,,,,,,,,,,,
-81.86956,30.26703,0,0,77,,,,,,,,,,,,,,,,,,,,,,,
-81.87059,30.2681,0,0,78,,,,,,,,,,,,,,,,,,,,,,,
-81.87201,30.26973,0,0,79,,,,,,,,,,,,,,,,,,,,,,,
-81.87256,30.2704,0,0,80,,,,,,,,,,,,,,,,,,,,,,,
-81.8733,30.27141,0,0,81,,,,,,,,,,,,,,,,,,,,,,,
-81.87399,30.27247,0,0,82,,,,,,,,,,,,,,,,,,,,,,,
-81.87466,30.27355,0,0,83,,,,,,,,,,,,,,,,,,,,,,,
-81.87529,30.27466,0,0,84,,,,,,,,,,,,,,,,,,,,,,,
-81.87584,30.27576,0,0,85,,,,,,,,,,,,,,,,,,,,,,,
-81.87663,30.27758,0,0,86,,,,,,,,,,,,,,,,,,,,,,,
-81.877,30.27856,0,0,87,,,,,,,,,,,,,,,,,,,,,,,
-81.87747,30.28001,0,0,88,,,,,,,,,,,,,,,,,,,,,,,
-81.87771,30.28085,0,0,89,,,,,,,,,,,,,,,,,,,,,,,
-81.87776,30.28108,0,0,90,,,,,,,,,,,,,,,,,,,,,,,
-81.8779,30.28164,0,0,91,,,,,,,,,,,,,,,,,,,,,,,
-81.87807,30.28247,0,0,92,,,,,,,,,,,,,,,,,,,,,,,
-81.87827,30.28347,0,0,93,,,,,,,,,,,,,,,,,,,,,,,
-81.87838,30.28436,0,0,94,,,,,,,,,,,,,,,,,,,,,,,
-81.87843,30.28488,0,0,95,,,,,,,,,,,,,,,,,,,,,,,
-81.87847,30.28531,0,0,96,,,,,,,,,,,,,,,,,,,,,,,
-81.87853,30.28613,0,0,97,,,,,,,,,,,,,,,,,,,,,,,
-81.87858,30.28726,0,0,98,,,,,,,,,,,,,,,,,,,,,,,
-81.87858,30.28791,0,0,99,,,,,,,,,,,,,,,,,,,,,,,
-81.87857,30.2886,0,0,100,,,,,,,,,,,,,,,,,,,,,,,
-81.87854,30.28931,0,0,101,,,,,,,,,,,,,,,,,,,,,,,
-81.87848,30.29015,0,0,102,,,,,,,,,,,,,,,,,,,,,,,
-81.8784,30.29114,0,0,103,,,,,,,,,,,,,,,,,,,,,,,
-81.87836,30.29196,0,0,104,,,,,,,,,,,,,,,,,,,,,,,
-81.87834,30.29242,0,0,105,,,,,,,,,,,,,,,,,,,,,,,
-81.87833,30.29374,0,0,106,,,,,,,,,,,,,,,,,,,,,,,
-81.87832,30.29833,0,0,107,,,,,,,,,,,,,,,,,,,,,,,
-81.87832,30.29833,0,0,108,,,,,,,,,,,,,,,,,,,,,,,
-81.87819,30.29949,0,0,109,,,,,,,,,,,,,,,,,,,,,,,
-81.87813,30.29982,0,0,110,,,,,,,,,,,,,,,,,,,,,,,
-81.87806,30.30014,0,0,111,,,,,,,,,,,,,,,,,,,,,,,
-81.87795,30.30047,0,0,112,,,,,,,,,,,,,,,,,,,,,,,
-81.87785,30.3007,0,0,113,,,,,,,,,,,,,,,,,,,,,,,
-81.87773,30.30093,0,0,114,,,,,,,,,,,,,,,,,,,,,,,
-81.87757,30.30122,0,0,115,,,,,,,,,,,,,,,,,,,,,,,
-81.87739,30.30148,0,0,116,,,,,,,,,,,,,,,,,,,,,,,
-81.87718,30.30173,0,0,117,,,,,,,,,,,,,,,,,,,,,,,
-81.87695,30.30199,0,0,118,,,,,,,,,,,,,,,,,,,,,,,
-81.87665,30.30229,0,0,119,,,,,,,,,,,,,,,,,,,,,,,
-81.87315,30.30575,0,0,120,,,,,,,,,,,,,,,,,,,,,,,
-81.87292,30.30598,0,0,121,,,,,,,,,,,,,,,,,,,,,,,
-81.87269,30.30618,0,0,122,,,,,,,,,,,,,,,,,,,,,,,
-81.87249,30.30632,0,0,123,,,,,,,,,,,,,,,,,,,,,,,
-81.87226,30.30649,0,0,124,,,,,,,,,,,,,,,,,,,,,,,
-81.87201,30.30663,0,0,125,,,,,,,,,,,,,,,,,,,,,,,
-81.87178,30.30676,0,0,126,,,,,,,,,,,,,,,,,,,,,,,
-81.87147,30.3069,0,0,127,,,,,,,,,,,,,,,,,,,,,,,
-81.87122,30.30701,0,0,128,,,,,,,,,,,,,,,,,,,,,,,
-81.87103,30.30706,0,0,129,,,,,,,,,,,,,,,,,,,,,,,
-81.87069,30.30714,0,0,130,,,,,,,,,,,,,,,,,,,,,,,
-81.87004,30.30726,0,0,131,,,,,,,,,,,,,,,,,,,,,,,
-81.86894,30.30735,0,0,132,,,,,,,,,,,,,,,,,,,,,,,
-81.86691,30.3075,0,0,133,,,,,,,,,,,,,,,,,,,,,,,
-81.86598,30.30757,0,0,134,,,,,,,,,,,,,,,,,,,,,,,
-81.86483,30.30768,0,0,135,,,,,,,,,,,,,,,,,,,,,,,
-81.86401,30.3078,0,0,136,,,,,,,,,,,,,,,,,,,,,,,
-81.86305,30.30794,0,0,137,,,,,,,,,,,,,,,,,,,,,,,
-81.86305,30.30794,0,0,138,,,,,,,,,,,,,,,,,,,,,,,
-81.85958,30.30818,0,0,139,,,,,,,,,,,,,,,,,,,,,,,
-81.85439,30.3086,0,0,140,,,,,,,,,,,,,,,,,,,,,,,
-81.8539,30.30864,0,0,141,,,,,,,,,,,,,,,,,,,,,,,
-81.85094,30.30886,0,0,142,,,,,,,,,,,,,,,,,,,,,,,
-81.84878,30.30902,0,0,143,,,,,,,,,,,,,,,,,,,,,,,
-81.84815,30.30908,0,0,144,,,,,,,,,,,,,,,,,,,,,,,
-81.84408,30.30938,0,0,145,,,,,,,,,,,,,,,,,,,,,,,
-81.84309,30.30944,0,0,146,,,,,,,,,,,,,,,,,,,,,,,
-81.83463,30.31007,0,0,147,,,,,,,,,,,,,,,,,,,,,,,
-81.83276,30.31022,0,0,148,,,,,,,,,,,,,,,,,,,,,,,
-81.8316,30.31034,0,0,149,,,,,,,,,,,,,,,,,,,,,,,
-81.83043,30.31048,0,0,150,,,,,,,,,,,,,,,,,,,,,,,
-81.82883,30.3107,0,0,151,,,,,,,,,,,,,,,,,,,,,,,
-81.82357,30.31145,0,0,152,,,,,,,,,,,,,,,,,,,,,,,
-81.81968,30.31202,0,0,153,,,,,,,,,,,,,,,,,,,,,,,
-81.81591,30.31256,0,0,154,,,,,,,,,,,,,,,,,,,,,,,
-81.81103,30.31327,0,0,155,,,,,,,,,,,,,,,,,,,,,,,
-81.80764,30.31376,0,0,156,,,,,,,,,,,,,,,,,,,,,,,
-81.8062,30.31396,0,0,157,,,,,,,,,,,,,,,,,,,,,,,
-81.80468,30.31413,0,0,158,,,,,,,,,,,,,,,,,,,,,,,
-81.80283,30.31433,0,0,159,,,,,,,,,,,,,,,,,,,,,,,
-81.80142,30.31447,0,0,160,,,,,,,,,,,,,,,,,,,,,,,
-81.80003,30.31456,0,0,161,,,,,,,,,,,,,,,,,,,,,,,
-81.7986,30.31462,0,0,162,,,,,,,,,,,,,,,,,,,,,,,
-81.79715,30.31466,0,0,163,,,,,,,,,,,,,,,,,,,,,,,
-81.79338,30.31471,0,0,164,,,,,,,,,,,,,,,,,,,,,,,
-81.79115,30.31476,0,0,165,,,,,,,,,,,,,,,,,,,,,,,
-81.79065,30.31477,0,0,166,,,,,,,,,,,,,,,,,,,,,,,
-81.78692,30.31484,0,0,167,,,,,,,,,,,,,,,,,,,,,,,
-81.78385,30.31487,0,0,168,,,,,,,,,,,,,,,,,,,,,,,
-81.78337,30.31489,0,0,169,,,,,,,,,,,,,,,,,,,,,,,
-81.78149,30.31491,0,0,170,,,,,,,,,,,,,,,,,,,,,,,
-81.77617,30.31497,0,0,171,,,,,,,,,,,,,,,,,,,,,,,
-81.77092,30.31508,0,0,172,,,,,,,,,,,,,,,,,,,,,,,
-81.77069,30.31508,0,0,173,,,,,,,,,,,,,,,,,,,,,,,
-81.77014,30.3151,0,0,174,,,,,,,,,,,,,,,,,,,,,,,
-81.76821,30.31513,0,0,175,,,,,,,,,,,,,,,,,,,,,,,
-81.7633,30.31516,0,0,176,,,,,,,,,,,,,,,,,,,,,,,
-81.75974,30.31523,0,0,177,,,,,,,,,,,,,,,,,,,,,,,
-81.75655,30.31529,0,0,178,,,,,,,,,,,,,,,,,,,,,,,
-81.75223,30.31543,0,0,179,,,,,,,,,,,,,,,,,,,,,,,
-81.7517,30.31545,0,0,180,,,,,,,,,,,,,,,,,,,,,,,
-81.74977,30.31546,0,0,181,,,,,,,,,,,,,,,,,,,,,,,
-81.74875,30.31544,0,0,182,,,,,,,,,,,,,,,,,,,,,,,
-81.74663,30.31542,0,0,183,,,,,,,,,,,,,,,,,,,,,,,
-81.74452,30.3154,0,0,184,,,,,,,,,,,,,,,,,,,,,,,
-81.7439,30.31538,0,0,185,,,,,,,,,,,,,,,,,,,,,,,
-81.74331,30.31537,0,0,186,,,,,,,,,,,,,,,,,,,,,,,
-81.74278,30.3154,0,0,187,,,,,,,,,,,,,,,,,,,,,,,
-81.74243,30.3154,0,0,188,,,,,,,,,,,,,,,,,,,,,,,
-81.74208,30.31543,0,0,189,,,,,,,,,,,,,,,,,,,,,,,
-81.74168,30.31546,0,0,190,,,,,,,,,,,,,,,,,,,,,,,
-81.74134,30.31551,0,0,191,,,,,,,,,,,,,,,,,,,,,,,
-81.74099,30.31557,0,0,192,,,,,,,,,,,,,,,,,,,,,,,
-81.74058,30.31567,0,0,193,,,,,,,,,,,,,,,,,,,,,,,
-81.74018,30.31577,0,0,194,,,,,,,,,,,,,,,,,,,,,,,
-81.73948,30.31598,0,0,195,,,,,,,,,,,,,,,,,,,,,,,
-81.73897,30.31614,0,0,196,,,,,,,,,,,,,,,,,,,,,,,
-81.7385,30.31631,0,0,197,,,,,,,,,,,,,,,,,,,,,,,
-81.73753,30.31663,0,0,198,,,,,,,,,,,,,,,,,,,,,,,
-81.73708,30.31676,0,0,199,,,,,,,,,,,,,,,,,,,,,,,
-81.73664,30.31687,0,0,200,,,,,,,,,,,,,,,,,,,,,,,
-81.73617,30.31696,0,0,201,,,,,,,,,,,,,,,,,,,,,,,
-81.73568,30.31703,0,0,202,,,,,,,,,,,,,,,,,,,,,,,
-81.73477,30.31711,0,0,203,,,,,,,,,,,,,,,,,,,,,,,
-81.7342,30.31713,0,0,204,,,,,,,,,,,,,,,,,,,,,,,
-81.73106,30.3172,0,0,205,,,,,,,,,,,,,,,,,,,,,,,
-81.73037,30.31727,0,0,206,,,,,,,,,,,,,,,,,,,,,,,
-81.72996,30.31736,0,0,207,,,,,,,,,,,,,,,,,,,,,,,
-81.72978,30.31739,0,0,208,,,,,,,,,,,,,,,,,,,,,,,
-81.72955,30.31743,0,0,209,,,,,,,,,,,,,,,,,,,,,,,
-81.72907,30.31755,0,0,210,,,,,,,,,,,,,,,,,,,,,,,
-81.72868,30.31766,0,0,211,,,,,,,,,,,,,,,,,,,,,,,
-81.72847,30.31773,0,0,212,,,,,,,,,,,,,,,,,,,,,,,
-81.72809,30.31787,0,0,213,,,,,,,,,,,,,,,,,,,,,,,
-81.72775,30.31801,0,0,214,,,,,,,,,,,,,,,,,,,,,,,
-81.72742,30.31816,0,0,215,,,,,,,,,,,,,,,,,,,,,,,
-81.72706,30.31834,0,0,216,,,,,,,,,,,,,,,,,,,,,,,
-81.72585,30.31898,0,0,217,,,,,,,,,,,,,,,,,,,,,,,
-81.72536,30.31923,0,0,218,,,,,,,,,,,,,,,,,,,,,,,
-81.72498,30.31942,0,0,219,,,,,,,,,,,,,,,,,,,,,,,
-81.72327,30.32027,0,0,220,,,,,,,,,,,,,,,,,,,,,,,
-81.72287,30.32043,0,0,221,,,,,,,,,,,,,,,,,,,,,,,
-81.72246,30.32055,0,0,222,,,,,,,,,,,,,,,,,,,,,,,
-81.72209,30.32062,0,0,223,,,,,,,,,,,,,,,,,,,,,,,
-81.72178,30.32066,0,0,224,,,,,,,,,,,,,,,,,,,,,,,
-81.72138,30.32069,0,0,225,,,,,,,,,,,,,,,,,,,,,,,
-81.72032,30.3207,0,0,226,,,,,,,,,,,,,,,,,,,,,,,
-81.71978,30.32071,0,0,227,,,,,,,,,,,,,,,,,,,,,,,
-81.71842,30.32071,0,0,228,,,,,,,,,,,,,,,,,,,,,,,
-81.71566,30.32074,0,0,229,,,,,,,,,,,,,,,,,,,,,,,
-81.71397,30.32076,0,0,230,,,,,,,,,,,,,,,,,,,,,,,
-81.71362,30.32076,0,0,231,,,,,,,,,,,,,,,,,,,,,,,
-81.70941,30.3208,0,0,232,,,,,,,,,,,,,,,,,,,,,,,
-81.70572,30.32084,0,0,233,,,,,,,,,,,,,,,,,,,,,,,
-81.70515,30.32085,0,0,234,,,,,,,,,,,,,,,,,,,,,,,
-81.70184,30.32088,0,0,235,,,,,,,,,,,,,,,,,,,,,,,
-81.70079,30.32089,0,0,236,,,,,,,,,,,,,,,,,,,,,,,
-81.70053,30.32091,0,0,237,,,,,,,,,,,,,,,,,,,,,,,
-81.70026,30.32094,0,0,238,,,,,,,,,,,,,,,,,,,,,,,
-81.70002,30.32097,0,0,239,,,,,,,,,,,,,,,,,,,,,,,
-81.69982,30.321,0,0,240,,,,,,,,,,,,,,,,,,,,,,,
-81.69954,30.32106,0,0,241,,,,,,,,,,,,,,,,,,,,,,,
-81.69937,30.3211,0,0,242,,,,,,,,,,,,,,,,,,,,,,,
-81.69832,30.32136,0,0,243,,,,,,,,,,,,,,,,,,,,,,,
-81.69805,30.32142,0,0,244,,,,,,,,,,,,,,,,,,,,,,,
-81.69778,30.32147,0,0,245,,,,,,,,,,,,,,,,,,,,,,,
-81.69729,30.32154,0,0,246,,,,,,,,,,,,,,,,,,,,,,,
-81.69729,30.32154,0,0,247,,,,,,,,,,,,,,,,,,,,,,,
-81.69714,30.32156,0,0,248,,,,,,,,,,,,,,,,,,,,,,,
-81.69695,30.32158,0,0,249,,,,,,,,,,,,,,,,,,,,,,,
-81.69672,30.32159,0,0,250,,,,,,,,,,,,,,,,,,,,,,,
-81.69663,30.32159,0,0,251,,,,,,,,,,,,,,,,,,,,,,,
-81.69625,30.32159,0,0,252,,,,,,,,,,,,,,,,,,,,,,,
-81.69586,30.32157,0,0,253,,,,,,,,,,,,,,,,,,,,,,,
-81.6956,30.32154,0,0,254,,,,,,,,,,,,,,,,,,,,,,,
-81.69523,30.32148,0,0,255,,,,,,,,,,,,,,,,,,,,,,,
-81.69486,30.3214,0,0,256,,,,,,,,,,,,,,,,,,,,,,,
-81.69451,30.3213,0,0,257,,,,,,,,,,,,,,,,,,,,,,,
-81.69415,30.32119,0,0,258,,,,,,,,,,,,,,,,,,,,,,,
-81.69359,30.32099,0,0,259,,,,,,,,,,,,,,,,,,,,,,,
-81.69301,30.32077,0,0,260,,,,,,,,,,,,,,,,,,,,,,,
-81.69301,30.32077,0,0,261,,,,,,,,,,,,,,,,,,,,,,,
-81.6927,30.3207,0,0,262,,,,,,,,,,,,,,,,,,,,,,,
-81.69228,30.32062,0,0,263,,,,,,,,,,,,,,,,,,,,,,,
-81.69204,30.32059,0,0,264,,,,,,,,,,,,,,,,,,,,,,,
-81.69179,30.32057,0,0,265,,,,,,,,,,,,,,,,,,,,,,,
-81.6914,30.32056,0,0,266,,,,,,,,,,,,,,,,,,,,,,,
-81.69067,30.32057,0,0,267,,,,,,,,,,,,,,,,,,,,,,,
-81.68657,30.32061,0,0,268,,,,,,,,,,,,,,,,,,,,,,,
-81.68657,30.32061,0,0,269,,,,,,,,,,,,,,,,,,,,,,,
-81.68617,30.32061,0,0,270,,,,,,,,,,,,,,,,,,,,,,,
-81.68582,30.32061,0,0,271,,,,,,,,,,,,,,,,,,,,,,,
-81.6842,30.32064,0,0,272,,,,,,,,,,,,,,,,,,,,,,,
-81.68388,30.32063,0,0,273,,,,,,,,,,,,,,,,,,,,,,,
-81.68351,30.32058,0,0,274,,,,,,,,,,,,,,,,,,,,,,,
-81.68326,30.32052,0,0,275,,,,,,,,,,,,,,,,,,,,,,,
-81.68303,30.32043,0,0,276,,,,,,,,,,,,,,,,,,,,,,,
-81.68281,30.32031,0,0,277,,,,,,,,,,,,,,,,,,,,,,,
-81.68271,30.32025,0,0,278,,,,,,,,,,,,,,,,,,,,,,,
-81.68251,30.3201,0,0,279,,,,,,,,,,,,,,,,,,,,,,,
-81.68225,30.31987,0,0,280,,,,,,,,,,,,,,,,,,,,,,,
-81.68169,30.31926,0,0,281,,,,,,,,,,,,,,,,,,,,,,,
-81.68136,30.31892,0,0,282,,,,,,,,,,,,,,,,,,,,,,,
-81.68128,30.31886,0,0,283,,,,,,,,,,,,,,,,,,,,,,,
-81.68102,30.31863,0,0,284,,,,,,,,,,,,,,,,,,,,,,,
-81.68083,30.31849,0,0,285,,,,,,,,,,,,,,,,,,,,,,,
-81.68072,30.31843,0,0,286,,,,,,,,,,,,,,,,,,,,,,,
-81.68062,30.31837,0,0,287,,,,,,,,,,,,,,,,,,,,,,,
-81.68042,30.31826,0,0,288,,,,,,,,,,,,,,,,,,,,,,,
-81.68019,30.31817,0,0,289,,,,,,,,,,,,,,,,,,,,,,,
-81.67752,30.31718,0,0,290,,,,,,,,,,,,,,,,,,,,,,,
-81.67752,30.31718,0,0,291,,,,,,,,,,,,,,,,,,,,,,,
-81.67532,30.31625,0,0,292,,,,,,,,,,,,,,,,,,,,,,,
-81.67495,30.31611,0,0,293,,,,,,,,,,,,,,,,,,,,,,,
-81.67448,30.31595,0,0,294,,,,,,,,,,,,,,,,,,,,,,,
-81.67425,30.31588,0,0,295,,,,,,,,,,,,,,,,,,,,,,,
-81.67124,30.31514,0,0,296,,,,,,,,,,,,,,,,,,,,,,,
-81.66934,30.31467,0,0,297,,,,,,,,,,,,,,,,,,,,,,,
-81.6672,30.31414,0,0,298,,,,,,,,,,,,,,,,,,,,,,,
-81.66654,30.314,0,0,299,,,,,,,,,,,,,,,,,,,,,,,
-81.66603,30.31394,0,0,300,,,,,,,,,,,,,,,,,,,,,,,
-81.66579,30.31392,0,0,301,,,,,,,,,,,,,,,,,,,,,,,
-81.6654,30.31389,0,0,302,,,,,,,,,,,,,,,,,,,,,,,
-81.665,30.31388,0,0,303,,,,,,,,,,,,,,,,,,,,,,,
-81.66456,30.31388,0,0,304,,,,,,,,,,,,,,,,,,,,,,,
-81.66329,30.31388,0,0,305,,,,,,,,,,,,,,,,,,,,,,,
-81.66145,30.31389,0,0,306,,,,,,,,,,,,,,,,,,,,,,,
-81.65957,30.31395,0,0,307,,,,,,,,,,,,,,,,,,,,,,,
-81.65903,30.31398,0,0,308,,,,,,,,,,,,,,,,,,,,,,,
-81.65831,30.31401,0,0,309,,,,,,,,,,,,,,,,,,,,,,,
-81.65757,30.31404,0,0,310,,,,,,,,,,,,,,,,,,,,,,,
-81.65701,30.31405,0,0,311,,,,,,,,,,,,,,,,,,,,,,,
-81.65613,30.31407,0,0,312,,,,,,,,,,,,,,,,,,,,,,,
-81.65498,30.3141,0,0,313,,,,,,,,,,,,,,,,,,,,,,,
-81.65442,30.31411,0,0,314,,,,,,,,,,,,,,,,,,,,,,,
-81.65396,30.3141,0,0,315,,,,,,,,,,,,,,,,,,,,,,,
-81.65358,30.31406,0,0,316,,,,,,,,,,,,,,,,,,,,,,,
-81.65327,30.31399,0,0,317,,,,,,,,,,,,,,,,,,,,,,,
-81.65299,30.31392,0,0,318,,,,,,,,,,,,,,,,,,,,,,,
-81.65272,30.31382,0,0,319,,,,,,,,,,,,,,,,,,,,,,,
-81.65235,30.31365,0,0,320,,,,,,,,,,,,,,,,,,,,,,,
-81.65213,30.31354,0,0,321,,,,,,,,,,,,,,,,,,,,,,,
-81.65182,30.31334,0,0,322,,,,,,,,,,,,,,,,,,,,,,,
-81.65164,30.3132,0,0,323,,,,,,,,,,,,,,,,,,,,,,,
-81.65135,30.31293,0,0,324,,,,,,,,,,,,,,,,,,,,,,,
-81.65104,30.31262,0,0,325,,,,,,,,,,,,,,,,,,,,,,,
-81.65058,30.31218,0,0,326,,,,,,,,,,,,,,,,,,,,,,,
-81.65011,30.31175,0,0,327,,,,,,,,,,,,,,,,,,,,,,,
-81.64993,30.31159,0,0,328,,,,,,,,,,,,,,,,,,,,,,,
-81.64974,30.31144,0,0,329,,,,,,,,,,,,,,,,,,,,,,,
-81.64943,30.3112,0,0,330,,,,,,,,,,,,,,,,,,,,,,,
-81.64915,30.311,0,0,331,,,,,,,,,,,,,,,,,,,,,,,
-81.64845,30.31053,0,0,332,,,,,,,,,,,,,,,,,,,,,,,
-81.64827,30.3104,0,0,333,,,,,,,,,,,,,,,,,,,,,,,
-81.64812,30.31028,0,0,334,,,,,,,,,,,,,,,,,,,,,,,
-81.648,30.31018,0,0,335,,,,,,,,,,,,,,,,,,,,,,,
-81.64783,30.31002,0,0,336,,,,,,,,,,,,,,,,,,,,,,,
-81.64766,30.30985,0,0,337,,,,,,,,,,,,,,,,,,,,,,,
-81.64751,30.30968,0,0,338,,,,,,,,,,,,,,,,,,,,,,,
-81.64736,30.30949,0,0,339,,,,,,,,,,,,,,,,,,,,,,,
-81.64724,30.3093,0,0,340,,,,,,,,,,,,,,,,,,,,,,,
-81.64694,30.30878,0,0,341,,,,,,,,,,,,,,,,,,,,,,,
-81.64675,30.30838,0,0,342,,,,,,,,,,,,,,,,,,,,,,,
-81.64644,30.30787,0,0,343,,,,,,,,,,,,,,,,,,,,,,,
-81.6463,30.30769,0,0,344,,,,,,,,,,,,,,,,,,,,,,,
-81.64606,30.30743,0,0,345,,,,,,,,,,,,,,,,,,,,,,,
-81.64592,30.30728,0,0,346,,,,,,,,,,,,,,,,,,,,,,,
-81.64576,30.30711,0,0,347,,,,,,,,,,,,,,,,,,,,,,,
-81.64557,30.30693,0,0,348,,,,,,,,,,,,,,,,,,,,,,,
-81.64539,30.30676,0,0,349,,,,,,,,,,,,,,,,,,,,,,,
-81.64521,30.3066,0,0,350,,,,,,,,,,,,,,,,,,,,,,,
-81.64492,30.30637,0,0,351,,,,,,,,,,,,,,,,,,,,,,,
-81.64459,30.30613,0,0,352,,,,,,,,,,,,,,,,,,,,,,,
-81.64406,30.30575,0,0,353,,,,,,,,,,,,,,,,,,,,,,,
-81.64385,30.30559,0,0,354,,,,,,,,,,,,,,,,,,,,,,,
-81.64367,30.30544,0,0,355,,,,,,,,,,,,,,,,,,,,,,,
-81.64352,30.30532,0,0,356,,,,,,,,,,,,,,,,,,,,,,,
-81.64327,30.30509,0,0,357,,,,,,,,,,,,,,,,,,,,,,,
-81.64308,30.3049,0,0,358,,,,,,,,,,,,,,,,,,,,,,,
-81.64285,30.30464,0,0,359,,,,,,,,,,,,,,,,,,,,,,,
-81.64262,30.30437,0,0,360,,,,,,,,,,,,,,,,,,,,,,,
-81.64241,30.3041,0,0,361,,,,,,,,,,,,,,,,,,,,,,,
-81.64217,30.30373,0,0,362,,,,,,,,,,,,,,,,,,,,,,,
-81.642,30.30342,0,0,363,,,,,,,,,,,,,,,,,,,,,,,
-81.64129,30.30226,0,0,364,,,,,,,,,,,,,,,,,,,,,,,
-81.64086,30.3016,0,0,365,,,,,,,,,,,,,,,,,,,,,,,
-81.64044,30.30092,0,0,366,,,,,,,,,,,,,,,,,,,,,,,
-81.64022,30.30056,0,0,367,,,,,,,,,,,,,,,,,,,,,,,
-81.64008,30.30035,0,0,368,,,,,,,,,,,,,,,,,,,,,,,
-81.63994,30.30015,0,0,369,,,,,,,,,,,,,,,,,,,,,,,
-81.63977,30.29992,0,0,370,,,,,,,,,,,,,,,,,,,,,,,
-81.63954,30.29965,0,0,371,,,,,,,,,,,,,,,,,,,,,,,
-81.63943,30.29954,0,0,372,,,,,,,,,,,,,,,,,,,,,,,
-81.6393,30.29939,0,0,373,,,,,,,,,,,,,,,,,,,,,,,
-81.63913,30.29922,0,0,374,,,,,,,,,,,,,,,,,,,,,,,
-81.63887,30.29899,0,0,375,,,,,,,,,,,,,,,,,,,,,,,
-81.63543,30.29583,0,0,376,,,,,,,,,,,,,,,,,,,,,,,
-81.63165,30.29232,0,0,377,,,,,,,,,,,,,,,,,,,,,,,
-81.63006,30.29084,0,0,378,,,,,,,,,,,,,,,,,,,,,,,
-81.62962,30.29043,0,0,379,,,,,,,,,,,,,,,,,,,,,,,
-81.62725,30.28822,0,0,380,,,,,,,,,,,,,,,,,,,,,,,
-81.62657,30.28763,0,0,381,,,,,,,,,,,,,,,,,,,,,,,
-81.62548,30.28661,0,0,382,,,,,,,,,,,,,,,,,,,,,,,
-81.62486,30.28602,0,0,383,,,,,,,,,,,,,,,,,,,,,,,
-81.62417,30.28535,0,0,384,,,,,,,,,,,,,,,,,,,,,,,
-81.6234,30.28458,0,0,385,,,,,,,,,,,,,,,,,,,,,,,
-81.62267,30.28382,0,0,386,,,,,,,,,,,,,,,,,,,,,,,
-81.62229,30.28335,0,0,387,,,,,,,,,,,,,,,,,,,,,,,
-81.6221,30.28314,0,0,388,,,,,,,,,,,,,,,,,,,,,,,
-81.62194,30.28294,0,0,389,,,,,,,,,,,,,,,,,,,,,,,
-81.62177,30.28273,0,0,390,,,,,,,,,,,,,,,,,,,,,,,
-81.62159,30.28252,0,0,391,,,,,,,,,,,,,,,,,,,,,,,
-81.62127,30.28212,0,0,392,,,,,,,,,,,,,,,,,,,,,,,
-81.62084,30.28155,0,0,393,,,,,,,,,,,,,,,,,,,,,,,
-81.6207,30.28136,0,0,394,,,,,,,,,,,,,,,,,,,,,,,
-81.62057,30.28117,0,0,395,,,,,,,,,,,,,,,,,,,,,,,
-81.62044,30.281,0,0,396,,,,,,,,,,,,,,,,,,,,,,,
-81.61416,30.27213,0,0,397,,,,,,,,,,,,,,,,,,,,,,,
-81.61238,30.2696,0,0,398,,,,,,,,,,,,,,,,,,,,,,,
-81.61205,30.26913,0,0,399,,,,,,,,,,,,,,,,,,,,,,,
-81.60915,30.26504,0,0,400,,,,,,,,,,,,,,,,,,,,,,,
-81.6088,30.26455,0,0,401,,,,,,,,,,,,,,,,,,,,,,,
-81.60728,30.26241,0,0,402,,,,,,,,,,,,,,,,,,,,,,,
-81.60714,30.26221,0,0,403,,,,,,,,,,,,,,,,,,,,,,,
-81.60652,30.26138,0,0,404,,,,,,,,,,,,,,,,,,,,,,,
-81.60588,30.26057,0,0,405,,,,,,,,,,,,,,,,,,,,,,,
-81.60574,30.26039,0,0,406,,,,,,,,,,,,,,,,,,,,,,,
-81.60559,30.26022,0,0,407,,,,,,,,,,,,,,,,,,,,,,,
-81.60544,30.26004,0,0,408,,,,,,,,,,,,,,,,,,,,,,,
-81.60528,30.25986,0,0,409,,,,,,,,,,,,,,,,,,,,,,,
-81.60514,30.2597,0,0,410,,,,,,,,,,,,,,,,,,,,,,,
-81.60499,30.25953,0,0,411,,,,,,,,,,,,,,,,,,,,,,,
-81.60485,30.25937,0,0,412,,,,,,,,,,,,,,,,,,,,,,,
-81.60473,30.25925,0,0,413,,,,,,,,,,,,,,,,,,,,,,,
-81.60458,30.25909,0,0,414,,,,,,,,,,,,,,,,,,,,,,,
-81.60446,30.25895,0,0,415,,,,,,,,,,,,,,,,,,,,,,,
-81.60434,30.25883,0,0,416,,,,,,,,,,,,,,,,,,,,,,,
-81.60419,30.25868,0,0,417,,,,,,,,,,,,,,,,,,,,,,,
-81.60404,30.25853,0,0,418,,,,,,,,,,,,,,,,,,,,,,,
-81.6039,30.25838,0,0,419,,,,,,,,,,,,,,,,,,,,,,,
-81.60376,30.25824,0,0,420,,,,,,,,,,,,,,,,,,,,,,,
-81.6036,30.25807,0,0,421,,,,,,,,,,,,,,,,,,,,,,,
-81.60175,30.25634,0,0,422,,,,,,,,,,,,,,,,,,,,,,,
-81.60104,30.25565,0,0,423,,,,,,,,,,,,,,,,,,,,,,,
-81.60104,30.25565,0,0,424,,,,,,,,,,,,,,,,,,,,,,,
-81.60045,30.25497,0,0,425,,,,,,,,,,,,,,,,,,,,,,,
-81.59844,30.25298,0,0,426,,,,,,,,,,,,,,,,,,,,,,,
-81.59844,30.25298,0,0,427,,,,,,,,,,,,,,,,,,,,,,,
-81.59828,30.25282,0,0,428,,,,,,,,,,,,,,,,,,,,,,,
-81.59681,30.25139,0,0,429,,,,,,,,,,,,,,,,,,,,,,,
-81.59627,30.25083,0,0,430,,,,,,,,,,,,,,,,,,,,,,,
-81.59546,30.24999,0,0,431,,,,,,,,,,,,,,,,,,,,,,,
-81.59537,30.24992,0,0,432,,,,,,,,,,,,,,,,,,,,,,,
-81.59514,30.24978,0,0,433,,,,,,,,,,,,,,,,,,,,,,,
-81.59477,30.24959,0,0,434,,,,,,,,,,,,,,,,,,,,,,,
-81.59441,30.24945,0,0,435,,,,,,,,,,,,,,,,,,,,,,,
-81.59412,30.24937,0,0,436,,,,,,,,,,,,,,,,,,,,,,,
-81.59385,30.24931,0,0,437,,,,,,,,,,,,,,,,,,,,,,,
-81.59358,30.24928,0,0,438,,,,,,,,,,,,,,,,,,,,,,,
-81.59322,30.24925,0,0,439,,,,,,,,,,,,,,,,,,,,,,,
-81.59288,30.24926,0,0,440,,,,,,,,,,,,,,,,,,,,,,,
-81.5926,30.24929,0,0,441,,,,,,,,,,,,,,,,,,,,,,,
-81.5924,30.24933,0,0,442,,,,,,,,,,,,,,,,,,,,,,,
-81.59215,30.24938,0,0,443,,,,,,,,,,,,,,,,,,,,,,,
-81.59189,30.24945,0,0,444,,,,,,,,,,,,,,,,,,,,,,,
-81.59165,30.24954,0,0,445,,,,,,,,,,,,,,,,,,,,,,,
-81.59142,30.24965,0,0,446,,,,,,,,,,,,,,,,,,,,,,,
-81.59111,30.2499,0,0,447,,,,,,,,,,,,,,,,,,,,,,,
-81.59083,30.25008,0,0,448,,,,,,,,,,,,,,,,,,,,,,,
-81.59049,30.2503,0,0,449,,,,,,,,,,,,,,,,,,,,,,,
-81.59016,30.25049,0,0,450,,,,,,,,,,,,,,,,,,,,,,,
-81.58982,30.25067,0,0,451,,,,,,,,,,,,,,,,,,,,,,,
-81.58948,30.25081,0,0,452,,,,,,,,,,,,,,,,,,,,,,,
-81.58914,30.25096,0,0,453,,,,,,,,,,,,,,,,,,,,,,,
-81.58882,30.25109,0,0,454,,,,,,,,,,,,,,,,,,,,,,,
-81.58848,30.25121,0,0,455,,,,,,,,,,,,,,,,,,,,,,,
-81.58817,30.25131,0,0,456,,,,,,,,,,,,,,,,,,,,,,,
-81.58786,30.25139,0,0,457,,,,,,,,,,,,,,,,,,,,,,,
-81.58755,30.25144,0,0,458,,,,,,,,,,,,,,,,,,,,,,,
-81.58724,30.25149,0,0,459,,,,,,,,,,,,,,,,,,,,,,,
-81.58691,30.25152,0,0,460,,,,,,,,,,,,,,,,,,,,,,,
-81.58656,30.25154,0,0,461,,,,,,,,,,,,,,,,,,,,,,,
-81.58626,30.25155,0,0,462,,,,,,,,,,,,,,,,,,,,,,,
-81.58592,30.25154,0,0,463,,,,,,,,,,,,,,,,,,,,,,,
-81.58558,30.25152,0,0,464,,,,,,,,,,,,,,,,,,,,,,,
-81.58528,30.2515,0,0,465,,,,,,,,,,,,,,,,,,,,,,,
-81.58488,30.25144,0,0,466,,,,,,,,,,,,,,,,,,,,,,,
-81.58488,30.25144,0,0,467,,,,,,,,,,,,,,,,,,,,,,,
-81.58381,30.25133,0,0,468,,,,,,,,,,,,,,,,,,,,,,,
-81.58157,30.25111,0,0,469,,,,,,,,,,,,,,,,,,,,,,,
-81.57873,30.25083,0,0,470,,,,,,,,,,,,,,,,,,,,,,,
-81.57559,30.25049,0,0,471,,,,,,,,,,,,,,,,,,,,,,,
-81.57489,30.25041,0,0,472,,,,,,,,,,,,,,,,,,,,,,,
-81.5743,30.25034,0,0,473,,,,,,,,,,,,,,,,,,,,,,,
-81.57113,30.25,0,0,474,,,,,,,,,,,,,,,,,,,,,,,
-81.57088,30.24997,0,0,475,,,,,,,,,,,,,,,,,,,,,,,
-81.57063,30.24995,0,0,476,,,,,,,,,,,,,,,,,,,,,,,
-81.57037,30.24994,0,0,477,,,,,,,,,,,,,,,,,,,,,,,
-81.57012,30.24993,0,0,478,,,,,,,,,,,,,,,,,,,,,,,
-81.56988,30.24992,0,0,479,,,,,,,,,,,,,,,,,,,,,,,
-81.56962,30.24991,0,0,480,,,,,,,,,,,,,,,,,,,,,,,
-81.56938,30.24991,0,0,481,,,,,,,,,,,,,,,,,,,,,,,
-81.56392,30.24992,0,0,482,,,,,,,,,,,,,,,,,,,,,,,
-81.56347,30.24991,0,0,483,,,,,,,,,,,,,,,,,,,,,,,
-81.55906,30.24992,0,0,484,,,,,,,,,,,,,,,,,,,,,,,
-81.55291,30.24993,0,0,485,,,,,,,,,,,,,,,,,,,,,,,
-81.55205,30.24993,0,0,486,,,,,,,,,,,,,,,,,,,,,,,
-81.55003,30.2499,0,0,487,,,,,,,,,,,,,,,,,,,,,,,
-81.54617,30.24993,0,0,488,,,,,,,,,,,,,,,,,,,,,,,
-81.54247,30.24994,0,0,489,,,,,,,,,,,,,,,,,,,,,,,
-81.54201,30.24994,0,0,490,,,,,,,,,,,,,,,,,,,,,,,
-81.54201,30.24994,0,0,491,,,,,,,,,,,,,,,,,,,,,,,
-81.54056,30.24986,0,0,492,,,,,,,,,,,,,,,,,,,,,,,
-81.5403,30.24984,0,0,493,,,,,,,,,,,,,,,,,,,,,,,
-81.53779,30.24975,0,0,494,,,,,,,,,,,,,,,,,,,,,,,
-81.53744,30.24973,0,0,495,,,,,,,,,,,,,,,,,,,,,,,
-81.53697,30.24971,0,0,496,,,,,,,,,,,,,,,,,,,,,,,
-81.53697,30.24971,0,0,497,,,,,,,,,,,,,,,,,,,,,,,
-81.53681,30.24971,0,0,498,,,,,,,,,,,,,,,,,,,,,,,
-81.53666,30.24972,0,0,499,,,,,,,,,,,,,,,,,,,,,,,
-81.53654,30.24974,0,0,500,,,,,,,,,,,,,,,,,,,,,,,
-81.53642,30.24979,0,0,501,,,,,,,,,,,,,,,,,,,,,,,
-81.53632,30.24985,0,0,502,,,,,,,,,,,,,,,,,,,,,,,
-81.53624,30.24991,0,0,503,,,,,,,,,,,,,,,,,,,,,,,
-81.53618,30.24998,0,0,504,,,,,,,,,,,,,,,,,,,,,,,
-81.53613,30.25005,0,0,505,,,,,,,,,,,,,,,,,,,,,,,
-81.53609,30.25014,0,0,506,,,,,,,,,,,,,,,,,,,,,,,
-81.53599,30.25033,0,0,507,,,,,,,,,,,,,,,,,,,,,,,
-81.5359,30.25054,0,0,508,,,,,,,,,,,,,,,,,,,,,,,
-81.5359,30.25054,0,0,509,,,,,,,,,,,,,,,,,,,,,,,
-81.53593,30.25166,0,0,510,,,,,,,,,,,,,,,,,,,,,,,
-81.53598,30.25263,0,0,511,,,,,,,,,,,,,,,,,,,,,,,
-81.53598,30.25312,0,0,512,,,,,,,,,,,,,,,,,,,,,,,
-81.53599,30.25328,0,0,513,,,,,,,,,,,,,,,,,,,,,,,
-81.53599,30.2535,0,0,514,,,,,,,,,,,,,,,,,,,,,,,
-81.53601,30.25365,0,0,515,,,,,,,,,,,,,,,,,,,,,,,
-81.53601,30.25365,0,0,516,,,,,,,,,,,,,,,,,,,,,,,
-81.53591,30.2538,0,0,517,,,,,,,,,,,,,,,,,,,,,,,
-81.53585,30.25384,0,0,518,,,,,,,,,,,,,,,,,,,,,,,
-81.53578,30.25387,0,0,519,,,,,,,,,,,,,,,,,,,,,,,
-81.53572,30.25387,0,0,520,,,,,,,,,,,,,,,,,,,,,,,
-81.53521,30.25387,0,0,521,,,,,,,,,,,,,,,,,,,,,,,
-81.53515,30.25388,0,0,522,,,,,,,,,,,,,,,,,,,,,,,
-81.53508,30.2539,0,0,523,,,,,,,,,,,,,,,,,,,,,,,
-81.53503,30.25391,0,0,524,,,,,,,,,,,,,,,,,,,,,,,
-81.53494,30.25392,0,0,525,,,,,,,,,,,,,,,,,,,,,,,
-81.53477,30.25392,0,0,526,,,,,,,,,,,,,,,,,,,,,,,
-81.53471,30.25392,0,0,527,,,,,,,,,,,,,,,,,,,,,,,
-81.53457,30.25392,0,0,528,,,,,,,,,,,,,,,,,,,,,,,
-81.53451,30.25392,0,0,529,,,,,,,,,,,,,,,,,,,,,,,
-81.53431,30.25392,0,0,530,,,,,,,,,,,,,,,,,,,,,,,
-81.53411,30.25392,0,0,531,,,,,,,,,,,,,,,,,,,,,,,
-81.53392,30.25392,0,0,532,,,,,,,,,,,,,,,,,,,,,,,
-81.53372,30.25392,0,0,533,,,,,,,,,,,,,,,,,,,,,,,
-81.5335,30.25392,0,0,534,,,,,,,,,,,,,,,,,,,,,,,
-81.53331,30.25392,0,0,535,,,,,,,,,,,,,,,,,,,,,,,
-81.53312,30.25392,0,0,536,,,,,,,,,,,,,,,,,,,,,,,
-81.53295,30.25392,0,0,537,,,,,,,,,,,,,,,,,,,,,,,
-81.53295,30.25392,0,0,538,,,,,,,,,,,,,,,,,,,,,,,
-81.53295,30.25433,0,0,539,,,,,,,,,,,,,,,,,,,,,,,
-81.53295,30.25453,0,0,540,,,,,,,,,,,,,,,,,,,,,,,
-81.53295,30.25453,0,0,541,,,,,,,,,,,,,,,,,,,,,,,